Cassette #,Layer #,Material,Thickness (mm),Cumulative Thickness (mm),Radition Length (g/cm2),Density (g/cm3),# of Radiation Lengths,Layerwise Radiation Lentgh,Cumulative Radiation Length,Z position,Z_min,Z_max
,,Cu,0.1,0.1,12.86,8.96,0.00697,0.00697,0.00697,3210.65,3210.6,3210.7
,,Stainless Steel,0.3,0.4,13.918,8.02,0.01729,0.02425,0.02425,3210.75,3210.6,3210.9
,,glue,0.05,0.45,42.6,1.3,0.00015,0.02441,0.02441,3211.05,3211.025,3211.075
,,Lead,2.77,3.22,6.37,11.35,0.49356,0.51796,0.51796,3211.1,3209.715,3212.485
,,glue,0.05,3.27,42.6,1.3,0.00015,0.51812,0.51812,3213.87,3213.845,3213.895
,,Stainless Steel,0.3,3.57,13.918,8.02,0.01729,0.53540,0.53540,3213.92,3213.77,3214.07
,,Cu,0.1,3.67,12.86,8.96,0.00697,0.54237,0.54237,3214.22,3214.17,3214.27
,,Air,0.225,3.895,37.1,0.0012,0.00000,0.54237,0.54237,3214.32,3214.2075,3214.4325
,,PCB,1.6,5.495,31.84,1.7,0.00854,0.55091,0.55091,3214.545,3213.745,3215.345
,,Air('electronics'),3.73,9.225,37.1,0.0012,0.00001,0.55093,0.55093,3216.145,3214.28,3218.01
,,PCB (Hexaboard),1.6,10.825,31.84,1.7,0.00854,0.55947,0.55947,3219.875,3219.075,3220.675
,,glue,0.075,10.9,42.6,1.3,0.00023,0.55970,0.55970,3221.475,3221.4375,3221.5125
1,1,Si,0.3,11.2,21.21,2.33,0.00330,0.56299,0.56299,3221.55,3221.4,3221.7
,,glue,0.065,11.265,42.6,1.3,0.00020,0.00020,0.56319,3221.615,3221.5825,3221.6475
,,kapton,0.265,11.53,40.596,1.11,0.00072,0.00092,0.56392,3221.88,3221.7475,3222.0125
,,glue,0.065,11.595,42.6,1.3,0.00020,0.00112,0.56411,3221.945,3221.9125,3221.9775
,,Cu/W,1.4,12.995,7.669,14.979,0.27345,0.27457,0.83756,3223.345,3222.645,3224.045
,,Cooling plate (Cu),6.05,19.045,12.86,8.96,0.42152,0.69609,1.25908,3229.395,3226.37,3232.42
,,Cu/W,1.4,20.445,7.669,14.979,0.27345,0.96954,1.53253,3230.795,3230.095,3231.495
,,glue,0.065,20.51,42.6,1.3,0.00020,0.96974,1.53273,3230.86,3230.8275,3230.8925
,,kapton,0.265,20.775,40.596,1.11,0.00072,0.97046,1.53345,3231.125,3230.9925,3231.2575
,,glue,0.065,20.84,42.6,1.3,0.00020,0.97066,1.53365,3231.19,3231.1575,3231.2225
1,2,Si,0.3,21.14,21.21,2.33,0.00330,0.97395,1.53695,3231.49,3231.34,3231.64
,,glue,0.075,21.215,42.6,1.3,0.00023,0.00023,1.53718,3231.565,3231.5275,3231.6025
,,PCB (Hexaboard),1.6,22.815,31.84,1.7,0.00854,0.00877,1.54572,3233.165,3232.365,3233.965
,,Air('electronics'),3.73,26.545,37.1,0.0012,0.00001,0.00878,1.54573,3236.895,3235.03,3238.76
,,PCB,1.6,28.145,31.84,1.7,0.00854,0.01733,1.55427,3238.495,3237.695,3239.295
,,Air,0.225,28.37,37.1,0.0012,0.00000,0.01733,1.55427,3238.72,3238.6075,3238.8325
,,Cu,0.1,28.47,12.86,8.96,0.00697,0.02429,1.56124,3238.82,3238.77,3238.87
,,Stainless Steel,0.3,28.77,13.918,8.02,0.01729,0.04158,1.57853,3239.12,3238.97,3239.27
,,glue,0.05,28.82,42.6,1.3,0.00015,0.04173,1.57868,3239.17,3239.145,3239.195
,,Lead,4.97,33.79,6.37,11.35,0.88555,0.92728,2.46423,3244.14,3241.655,3246.625
,,glue,0.05,33.84,42.6,1.3,0.00015,0.92744,2.46438,3244.19,3244.165,3244.215
,,Stainless Steel,0.3,34.14,13.918,8.02,0.01729,0.94472,2.48167,3244.49,3244.34,3244.64
,,Cu,0.1,34.24,12.86,8.96,0.00697,0.95169,2.48864,3244.59,3244.54,3244.64
,,Air,0.225,34.465,37.1,0.0012,0.00000,0.95169,2.48864,3244.815,3244.7025,3244.9275
,,PCB,1.6,36.065,31.84,1.7,0.00854,0.96023,2.49718,3246.415,3245.615,3247.215
,,Air('electronics'),3.73,39.795,37.1,0.0012,0.00001,0.96025,2.49719,3250.145,3248.28,3252.01
,,PCB (Hexaboard),1.6,41.395,31.84,1.7,0.00854,0.96879,2.50574,3251.745,3250.945,3252.545
,,glue,0.075,41.47,42.6,1.3,0.00023,0.96902,2.50596,3251.82,3251.7825,3251.8575
2,3,Si,0.3,41.77,21.21,2.33,0.00330,0.97231,2.50926,3252.12,3251.97,3252.27
,,glue,0.065,41.835,42.6,1.3,0.00020,0.00020,2.50946,3252.185,3252.1525,3252.2175
,,kapton,0.265,42.1,40.596,1.11,0.00072,0.00092,2.51018,3252.45,3252.3175,3252.5825
,,glue,0.065,42.165,42.6,1.3,0.00020,0.00112,2.51038,3252.515,3252.4825,3252.5475
,,Cu/W,1.4,43.565,7.669,14.979,0.27345,0.27457,2.78383,3253.915,3253.215,3254.615
,,Cooling plate (Cu),6.05,49.615,12.86,8.96,0.42152,0.69609,3.20535,3259.965,3256.94,3262.99
,,Cu/W,1.4,51.015,7.669,14.979,0.27345,0.96954,3.47880,3261.365,3260.665,3262.065
,,glue,0.065,51.08,42.6,1.3,0.00020,0.96974,3.47900,3261.43,3261.3975,3261.4625
,,kapton,0.265,51.345,40.596,1.11,0.00072,0.97046,3.47972,3261.695,3261.5625,3261.8275
,,glue,0.065,51.41,42.6,1.3,0.00020,0.97066,3.47992,3261.76,3261.7275,3261.7925
2,4,Si,0.3,51.71,21.21,2.33,0.00330,0.97395,3.48322,3262.06,3261.91,3262.21
,,glue,0.075,51.785,42.6,1.3,0.00023,0.00023,3.48344,3262.135,3262.0975,3262.1725
,,PCB (Hexaboard),1.6,53.385,31.84,1.7,0.00854,0.00877,3.49199,3263.735,3262.935,3264.535
,,Air('electronics'),3.73,57.115,37.1,0.0012,0.00001,0.00878,3.49200,3267.465,3265.6,3269.33
,,PCB,1.6,58.715,31.84,1.7,0.00854,0.01733,3.50054,3269.065,3268.265,3269.865
,,Air,0.225,58.94,37.1,0.0012,0.00000,0.01733,3.50054,3269.29,3269.1775,3269.4025
,,Cu,0.1,59.04,12.86,8.96,0.00697,0.02429,3.50751,3269.39,3269.34,3269.44
,,Stainless Steel,0.3,59.34,13.918,8.02,0.01729,0.04158,3.52480,3269.69,3269.54,3269.84
,,glue,0.05,59.39,42.6,1.3,0.00015,0.04173,3.52495,3269.74,3269.715,3269.765
,,Lead,4.97,64.36,6.37,11.35,0.88555,0.92728,4.41050,3274.71,3272.225,3277.195
,,glue,0.05,64.41,42.6,1.3,0.00015,0.92744,4.41065,3274.76,3274.735,3274.785
,,Stainless Steel,0.3,64.71,13.918,8.02,0.01729,0.94472,4.42794,3275.06,3274.91,3275.21
,,Cu,0.1,64.81,12.86,8.96,0.00697,0.95169,4.43491,3275.16,3275.11,3275.21
,,Air,0.225,65.035,37.1,0.0012,0.00000,0.95169,4.43491,3275.385,3275.2725,3275.4975
,,PCB,1.6,66.635,31.84,1.7,0.00854,0.96023,4.44345,3276.985,3276.185,3277.785
,,Air('electronics'),3.73,70.365,37.1,0.0012,0.00001,0.96025,4.44346,3280.715,3278.85,3282.58
,,PCB (Hexaboard),1.6,71.965,31.84,1.7,0.00854,0.96879,4.45200,3282.315,3281.515,3283.115
,,glue,0.075,72.04,42.6,1.3,0.00023,0.96902,4.45223,3282.39,3282.3525,3282.4275
3,5,Si,0.3,72.34,21.21,2.33,0.00330,0.97231,4.45553,3282.69,3282.54,3282.84
,,glue,0.065,72.405,42.6,1.3,0.00020,0.00020,4.45573,3282.755,3282.7225,3282.7875
,,kapton,0.265,72.67,40.596,1.11,0.00072,0.00092,4.45645,3283.02,3282.8875,3283.1525
,,glue,0.065,72.735,42.6,1.3,0.00020,0.00112,4.45665,3283.085,3283.0525,3283.1175
,,Cu/W,1.4,74.135,7.669,14.979,0.27345,0.27457,4.73010,3284.485,3283.785,3285.185
,,Cooling plate (Cu),6.05,80.185,12.86,8.96,0.42152,0.69609,5.15162,3290.535,3287.51,3293.56
,,Cu/W,1.4,81.585,7.669,14.979,0.27345,0.96954,5.42507,3291.935,3291.235,3292.635
,,glue,0.065,81.65,42.6,1.3,0.00020,0.96974,5.42526,3292,3291.9675,3292.0325
,,kapton,0.265,81.915,40.596,1.11,0.00072,0.97046,5.42599,3292.265,3292.1325,3292.3975
,,glue,0.065,81.98,42.6,1.3,0.00020,0.97066,5.42619,3292.33,3292.2975,3292.3625
3,6,SI,0.3,82.28,21.21,2.33,0.00330,0.97395,5.42948,3292.63,3292.48,3292.78
,,glue,0.075,82.355,42.6,1.3,0.00023,0.00023,5.42971,3292.705,3292.6675,3292.7425
,,PCB (Hexaboard),1.6,83.955,31.84,1.7,0.00854,0.00877,5.43825,3294.305,3293.505,3295.105
,,Air('electronics'),3.73,87.685,37.1,0.0012,0.00001,0.00878,5.43827,3298.035,3296.17,3299.9
,,PCB,1.6,89.285,31.84,1.7,0.00854,0.01733,5.44681,3299.635,3298.835,3300.435
,,Air,0.225,89.51,37.1,0.0012,0.00000,0.01733,5.44681,3299.86,3299.7475,3299.9725
,,Cu,0.1,89.61,12.86,8.96,0.00697,0.02429,5.45378,3299.96,3299.91,3300.01
,,Stainless Steel,0.3,89.91,13.918,8.02,0.01729,0.04158,5.47106,3300.26,3300.11,3300.41
,,glue,0.05,89.96,42.6,1.3,0.00015,0.04173,5.47122,3300.31,3300.285,3300.335
,,Lead,4.97,94.93,6.37,11.35,0.88555,0.92728,6.35677,3305.28,3302.795,3307.765
,,glue,0.05,94.98,42.6,1.3,0.00015,0.92744,6.35692,3305.33,3305.305,3305.355
,,Stainless Steel,0.3,95.28,13.918,8.02,0.01729,0.94472,6.37421,3305.63,3305.48,3305.78
,,Cu,0.1,95.38,12.86,8.96,0.00697,0.95169,6.38117,3305.73,3305.68,3305.78
,,Air,0.225,95.605,37.1,0.0012,0.00000,0.95169,6.38117,3305.955,3305.8425,3306.0675
,,PCB,1.6,97.205,31.84,1.7,0.00854,0.96023,6.38972,3307.555,3306.755,3308.355
,,Air('electronics'),3.73,100.935,37.1,0.0012,0.00001,0.96025,6.38973,3311.285,3309.42,3313.15
,,PCB (Hexaboard),1.6,102.535,31.84,1.7,0.00854,0.96879,6.39827,3312.885,3312.085,3313.685
,,glue,0.075,102.61,42.6,1.3,0.00023,0.96902,6.39850,3312.96,3312.9225,3312.9975
4,7,SI,0.3,102.91,21.21,2.33,0.00330,0.97231,6.40180,3313.26,3313.11,3313.41
,,glue,0.065,102.975,42.6,1.3,0.00020,0.00020,6.40199,3313.325,3313.2925,3313.3575
,,kapton,0.265,103.24,40.596,1.11,0.00072,0.00092,6.40272,3313.59,3313.4575,3313.7225
,,glue,0.065,103.305,42.6,1.3,0.00020,0.00112,6.40292,3313.655,3313.6225,3313.6875
,,Cu/W,1.4,104.705,7.669,14.979,0.27345,0.27457,6.67636,3315.055,3314.355,3315.755
,,Cooling plate (Cu),6.05,110.755,12.86,8.96,0.42152,0.69609,7.09789,3321.105,3318.08,3324.13
,,Cu/W,1.4,112.155,7.669,14.979,0.27345,0.96954,7.37133,3322.505,3321.805,3323.205
,,glue,0.065,112.22,42.6,1.3,0.00020,0.96974,7.37153,3322.57,3322.5375,3322.6025
,,kapton,0.265,112.485,40.596,1.11,0.00072,0.97046,7.37226,3322.835,3322.7025,3322.9675
,,glue,0.065,112.55,42.6,1.3,0.00020,0.97066,7.37246,3322.9,3322.8675,3322.9325
4,8,Si,0.3,112.85,21.21,2.33,0.00330,0.97395,7.37575,3323.2,3323.05,3323.35
,,glue,0.075,112.925,42.6,1.3,0.00023,0.00023,7.37598,3323.275,3323.2375,3323.3125
,,PCB (Hexaboard),1.6,114.525,31.84,1.7,0.00854,0.00877,7.38452,3324.875,3324.075,3325.675
,,Air('electronics'),3.73,118.255,37.1,0.0012,0.00001,0.00878,7.38453,3328.605,3326.74,3330.47
,,PCB,1.6,119.855,31.84,1.7,0.00854,0.01733,7.39308,3330.205,3329.405,3331.005
,,Air,0.225,120.08,37.1,0.0012,0.00000,0.01733,7.39308,3330.43,3330.3175,3330.5425
,,Cu,0.1,120.18,12.86,8.96,0.00697,0.02429,7.40005,3330.53,3330.48,3330.58
,,Stainless Steel,0.3,120.48,13.918,8.02,0.01729,0.04158,7.41733,3330.83,3330.68,3330.98
,,glue,0.05,120.53,42.6,1.3,0.00015,0.04173,7.41749,3330.88,3330.855,3330.905
,,Lead,4.97,125.5,6.37,11.35,0.88555,0.92728,8.30303,3335.85,3333.365,3338.335
,,glue,0.05,125.55,42.6,1.3,0.00015,0.92744,8.30319,3335.9,3335.875,3335.925
,,Stainless Steel,0.3,125.85,13.918,8.02,0.01729,0.94472,8.32047,3336.2,3336.05,3336.35
,,Cu,0.1,125.95,12.86,8.96,0.00697,0.95169,8.32744,3336.3,3336.25,3336.35
,,Air,0.225,126.175,37.1,0.0012,0.00000,0.95169,8.32744,3336.525,3336.4125,3336.6375
,,PCB,1.6,127.775,31.84,1.7,0.00854,0.96023,8.33599,3338.125,3337.325,3338.925
,,Air('electronics'),3.73,131.505,37.1,0.0012,0.00001,0.96025,8.33600,3341.855,3339.99,3343.72
,,PCB (Hexaboard),1.6,133.105,31.84,1.7,0.00854,0.96879,8.34454,3343.455,3342.655,3344.255
,,glue,0.075,133.18,42.6,1.3,0.00023,0.96902,8.34477,3343.53,3343.4925,3343.5675
5,9,SI,0.3,133.48,21.21,2.33,0.00330,0.97231,8.34806,3343.83,3343.68,3343.98
,,glue,0.065,133.545,42.6,1.3,0.00020,0.00020,8.34826,3343.895,3343.8625,3343.9275
,,kapton,0.265,133.81,40.596,1.11,0.00072,0.00092,8.34899,3344.16,3344.0275,3344.2925
,,glue,0.065,133.875,42.6,1.3,0.00020,0.00112,8.34919,3344.225,3344.1925,3344.2575
,,Cu/W,1.4,135.275,7.669,14.979,0.27345,0.27457,8.62263,3345.625,3344.925,3346.325
,,Cooling plate (Cu),6.05,141.325,12.86,8.96,0.42152,0.69609,9.04416,3351.675,3348.65,3354.7
,,Cu/W,1.4,142.725,7.669,14.979,0.27345,0.96954,9.31760,3353.075,3352.375,3353.775
,,glue,0.065,142.79,42.6,1.3,0.00020,0.96974,9.31780,3353.14,3353.1075,3353.1725
,,kapton,0.265,143.055,40.596,1.11,0.00072,0.97046,9.31853,3353.405,3353.2725,3353.5375
,,glue,0.065,143.12,42.6,1.3,0.00020,0.97066,9.31872,3353.47,3353.4375,3353.5025
5,10,SI,0.3,143.42,21.21,2.33,0.00330,0.97395,9.32202,3353.77,3353.62,3353.92
,,glue,0.075,143.495,42.6,1.3,0.00023,0.00023,9.32225,3353.845,3353.8075,3353.8825
,,PCB (Hexaboard),1.6,145.095,31.84,1.7,0.00854,0.00877,9.33079,3355.445,3354.645,3356.245
,,Air('electronics'),3.73,148.825,37.1,0.0012,0.00001,0.00878,9.33080,3359.175,3357.31,3361.04
,,PCB,1.6,150.425,31.84,1.7,0.00854,0.01733,9.33935,3360.775,3359.975,3361.575
,,Air,0.225,150.65,37.1,0.0012,0.00000,0.01733,9.33935,3361,3360.8875,3361.1125
,,Cu,0.1,150.75,12.86,8.96,0.00697,0.02429,9.34631,3361.1,3361.05,3361.15
,,Stainless Steel,0.3,151.05,13.918,8.02,0.01729,0.04158,9.36360,3361.4,3361.25,3361.55
,,glue,0.05,151.1,42.6,1.3,0.00015,0.04173,9.36375,3361.45,3361.425,3361.475
,,Lead,4.97,156.07,6.37,11.35,0.88555,0.92728,10.24930,3366.42,3363.935,3368.905
,,glue,0.05,156.12,42.6,1.3,0.00015,0.92744,10.24946,3366.47,3366.445,3366.495
,,Stainless Steel,0.3,156.42,13.918,8.02,0.01729,0.94472,10.26674,3366.77,3366.62,3366.92
,,Cu,0.1,156.52,12.86,8.96,0.00697,0.95169,10.27371,3366.87,3366.82,3366.92
,,Air,0.225,156.745,37.1,0.0012,0.00000,0.95169,10.27371,3367.095,3366.9825,3367.2075
,,PCB,1.6,158.345,31.84,1.7,0.00854,0.96023,10.28225,3368.695,3367.895,3369.495
,,Air('electronics'),3.73,162.075,37.1,0.0012,0.00001,0.96025,10.28227,3372.425,3370.56,3374.29
,,PCB (Hexaboard),1.6,163.675,31.84,1.7,0.00854,0.96879,10.29081,3374.025,3373.225,3374.825
,,glue,0.075,163.75,42.6,1.3,0.00023,0.96902,10.29104,3374.1,3374.0625,3374.1375
6,11,Si,0.3,164.05,21.21,2.33,0.00330,0.97231,10.29433,3374.4,3374.25,3374.55
,,glue,0.065,164.115,42.6,1.3,0.00020,0.00020,10.29453,3374.465,3374.4325,3374.4975
,,kapton,0.265,164.38,40.596,1.11,0.00072,0.00092,10.29526,3374.73,3374.5975,3374.8625
,,glue,0.065,164.445,42.6,1.3,0.00020,0.00112,10.29545,3374.795,3374.7625,3374.8275
,,Cu/W,1.4,165.845,7.669,14.979,0.27345,0.27457,10.56890,3376.195,3375.495,3376.895
,,Cooling plate (Cu),6.05,171.895,12.86,8.96,0.42152,0.69609,10.99042,3382.245,3379.22,3385.27
,,Cu/W,1.4,173.295,7.669,14.979,0.27345,0.96954,11.26387,3383.645,3382.945,3384.345
,,glue,0.065,173.36,42.6,1.3,0.00020,0.96974,11.26407,3383.71,3383.6775,3383.7425
,,kapton,0.265,173.625,40.596,1.11,0.00072,0.97046,11.26479,3383.975,3383.8425,3384.1075
,,glue,0.065,173.69,42.6,1.3,0.00020,0.97066,11.26499,3384.04,3384.0075,3384.0725
6,12,Si,0.3,173.99,21.21,2.33,0.00330,0.97395,11.26829,3384.34,3384.19,3384.49
,,glue,0.075,174.065,42.6,1.3,0.00023,0.00023,11.26852,3384.415,3384.3775,3384.4525
,,PCB (Hexaboard),1.6,175.665,31.84,1.7,0.00854,0.00877,11.27706,3386.015,3385.215,3386.815
,,Air('electronics'),3.73,179.395,37.1,0.0012,0.00001,0.00878,11.27707,3389.745,3387.88,3391.61
,,PCB,1.6,180.995,31.84,1.7,0.00854,0.01733,11.28561,3391.345,3390.545,3392.145
,,Air,0.225,181.22,37.1,0.0012,0.00000,0.01733,11.28561,3391.57,3391.4575,3391.6825
,,Cu,0.1,181.32,12.86,8.96,0.00697,0.02429,11.29258,3391.67,3391.62,3391.72
,,Stainless Steel,0.3,181.62,13.918,8.02,0.01729,0.04158,11.30987,3391.97,3391.82,3392.12
,,glue,0.05,181.67,42.6,1.3,0.00015,0.04173,11.31002,3392.02,3391.995,3392.045
,,Lead,4.97,186.64,6.37,11.35,0.88555,0.92728,12.19557,3396.99,3394.505,3399.475
,,glue,0.05,186.69,42.6,1.3,0.00015,0.92744,12.19572,3397.04,3397.015,3397.065
,,Stainless Steel,0.3,186.99,13.918,8.02,0.01729,0.94472,12.21301,3397.34,3397.19,3397.49
,,Cu,0.1,187.09,12.86,8.96,0.00697,0.95169,12.21998,3397.44,3397.39,3397.49
,,Air,0.225,187.315,37.1,0.0012,0.00000,0.95169,12.21998,3397.665,3397.5525,3397.7775
,,PCB,1.6,188.915,31.84,1.7,0.00854,0.96023,12.22852,3399.265,3398.465,3400.065
,,Air('electronics'),3.73,192.645,37.1,0.0012,0.00001,0.96025,12.22853,3402.995,3401.13,3404.86
,,PCB (Hexaboard),1.6,194.245,31.84,1.7,0.00854,0.96879,12.23708,3404.595,3403.795,3405.395
,,glue,0.075,194.32,42.6,1.3,0.00023,0.96902,12.23730,3404.67,3404.6325,3404.7075
7,13,Si,0.3,194.62,21.21,2.33,0.00330,0.97231,12.24060,3404.97,3404.82,3405.12
,,glue,0.065,194.685,42.6,1.3,0.00020,0.00020,12.24080,3405.035,3405.0025,3405.0675
,,kapton,0.265,194.95,40.596,1.11,0.00072,0.00092,12.24152,3405.3,3405.1675,3405.4325
,,glue,0.065,195.015,42.6,1.3,0.00020,0.00112,12.24172,3405.365,3405.3325,3405.3975
,,Cu/W,1.4,196.415,7.669,14.979,0.27345,0.27457,12.51517,3406.765,3406.065,3407.465
,,Cooling plate (Cu),6.05,202.465,12.86,8.96,0.42152,0.69609,12.93669,3412.815,3409.79,3415.84
,,Cu/W,1.4,203.865,7.669,14.979,0.27345,0.96954,13.21014,3414.215,3413.515,3414.915
,,glue,0.065,203.93,42.6,1.3,0.00020,0.96974,13.21034,3414.28,3414.2475,3414.3125
,,kapton,0.265,204.195,40.596,1.11,0.00072,0.97046,13.21106,3414.545,3414.4125,3414.6775
,,glue,0.065,204.26,42.6,1.3,0.00020,0.97066,13.21126,3414.61,3414.5775,3414.6425
7,14,Si,0.3,204.56,21.21,2.33,0.00330,0.97395,13.21456,3414.91,3414.76,3415.06
,,glue,0.075,204.635,42.6,1.3,0.00023,0.00023,13.21478,3414.985,3414.9475,3415.0225
,,PCB (Hexaboard),1.6,206.235,31.84,1.7,0.00854,0.00877,13.22333,3416.585,3415.785,3417.385
,,Air('electronics'),3.73,209.965,37.1,0.0012,0.00001,0.00878,13.22334,3420.315,3418.45,3422.18
,,PCB,1.6,211.565,31.84,1.7,0.00854,0.01733,13.23188,3421.915,3421.115,3422.715
,,Air,0.225,211.79,37.1,0.0012,0.00000,0.01733,13.23188,3422.14,3422.0275,3422.2525
,,Cu,0.1,211.89,12.86,8.96,0.00697,0.02429,13.23885,3422.24,3422.19,3422.29
,,Stainless Steel,0.3,212.19,13.918,8.02,0.01729,0.04158,13.25614,3422.54,3422.39,3422.69
,,glue,0.05,212.24,42.6,1.3,0.00015,0.04173,13.25629,3422.59,3422.565,3422.615
,,Lead,4.97,217.21,6.37,11.35,0.88555,0.92728,14.14184,3427.56,3425.075,3430.045
,,glue,0.05,217.26,42.6,1.3,0.00015,0.92744,14.14199,3427.61,3427.585,3427.635
,,Stainless Steel,0.3,217.56,13.918,8.02,0.01729,0.94472,14.15928,3427.91,3427.76,3428.06
,,Cu,0.1,217.66,12.86,8.96,0.00697,0.95169,14.16625,3428.01,3427.96,3428.06
,,Air,0.225,217.885,37.1,0.0012,0.00000,0.95169,14.16625,3428.235,3428.1225,3428.3475
,,PCB,1.6,219.485,31.84,1.7,0.00854,0.96023,14.17479,3429.835,3429.035,3430.635
,,Air('electronics'),3.73,223.215,37.1,0.0012,0.00001,0.96025,14.17480,3433.565,3431.7,3435.43
,,PCB (Hexaboard),1.6,224.815,31.84,1.7,0.00854,0.96879,14.18334,3435.165,3434.365,3435.965
,,glue,0.075,224.89,42.6,1.3,0.00023,0.96902,14.18357,3435.24,3435.2025,3435.2775
8,15,Si,0.3,225.19,21.21,2.33,0.00330,0.97231,14.18687,3435.54,3435.39,3435.69
,,glue,0.065,225.255,42.6,1.3,0.00020,0.00020,14.18707,3435.605,3435.5725,3435.6375
,,kapton,0.265,225.52,40.596,1.11,0.00072,0.00092,14.18779,3435.87,3435.7375,3436.0025
,,glue,0.065,225.585,42.6,1.3,0.00020,0.00112,14.18799,3435.935,3435.9025,3435.9675
,,Cu/W,1.4,226.985,7.669,14.979,0.27345,0.27457,14.46144,3437.335,3436.635,3438.035
,,Cooling plate (Cu),6.05,233.035,12.86,8.96,0.42152,0.69609,14.88296,3443.385,3440.36,3446.41
,,Cu/W,1.4,234.435,7.669,14.979,0.27345,0.96954,15.15641,3444.785,3444.085,3445.485
,,glue,0.065,234.5,42.6,1.3,0.00020,0.96974,15.15660,3444.85,3444.8175,3444.8825
,,kapton,0.265,234.765,40.596,1.11,0.00072,0.97046,15.15733,3445.115,3444.9825,3445.2475
,,glue,0.065,234.83,42.6,1.3,0.00020,0.97066,15.15753,3445.18,3445.1475,3445.2125
8,16,Si,0.3,235.13,21.21,2.33,0.00330,0.97395,15.16082,3445.48,3445.33,3445.63
,,glue,0.075,235.205,42.6,1.3,0.00023,0.00023,15.16105,3445.555,3445.5175,3445.5925
,,PCB (Hexaboard),1.6,236.805,31.84,1.7,0.00854,0.00877,15.16959,3447.155,3446.355,3447.955
,,Air('electronics'),3.73,240.535,37.1,0.0012,0.00001,0.00878,15.16961,3450.885,3449.02,3452.75
,,PCB,1.6,242.135,31.84,1.7,0.00854,0.01733,15.17815,3452.485,3451.685,3453.285
,,Air,0.225,242.36,37.1,0.0012,0.00000,0.01733,15.17815,3452.71,3452.5975,3452.8225
,,Cu,0.1,242.46,12.86,8.96,0.00697,0.02429,15.18512,3452.81,3452.76,3452.86
,,Stainless Steel,0.3,242.76,13.918,8.02,0.01729,0.04158,15.20240,3453.11,3452.96,3453.26
,,glue,0.05,242.81,42.6,1.3,0.00015,0.04173,15.20256,3453.16,3453.135,3453.185
,,Lead,4.97,247.78,6.37,11.35,0.88555,0.92728,16.08811,3458.13,3455.645,3460.615
,,glue,0.05,247.83,42.6,1.3,0.00015,0.92744,16.08826,3458.18,3458.155,3458.205
,,Stainless Steel,0.3,248.13,13.918,8.02,0.01729,0.94472,16.10555,3458.48,3458.33,3458.63
,,Cu,0.1,248.23,12.86,8.96,0.00697,0.95169,16.11251,3458.58,3458.53,3458.63
,,Air,0.225,248.455,37.1,0.0012,0.00000,0.95169,16.11251,3458.805,3458.6925,3458.9175
,,PCB,1.6,250.055,31.84,1.7,0.00854,0.96023,16.12106,3460.405,3459.605,3461.205
,,Air('electronics'),3.73,253.785,37.1,0.0012,0.00001,0.96025,16.12107,3464.135,3462.27,3466
,,PCB (Hexaboard),1.6,255.385,31.84,1.7,0.00854,0.96879,16.12961,3465.735,3464.935,3466.535
,,glue,0.075,255.46,42.6,1.3,0.00023,0.96902,16.12984,3465.81,3465.7725,3465.8475
9,17,Si,0.3,255.76,21.21,2.33,0.00330,0.97231,16.13314,3466.11,3465.96,3466.26
,,glue,0.065,255.825,42.6,1.3,0.00020,0.00020,16.13333,3466.175,3466.1425,3466.2075
,,kapton,0.265,256.09,40.596,1.11,0.00072,0.00092,16.13406,3466.44,3466.3075,3466.5725
,,glue,0.065,256.155,42.6,1.3,0.00020,0.00112,16.13426,3466.505,3466.4725,3466.5375
,,Cu/W,1.4,257.555,7.669,14.979,0.27345,0.27457,16.40770,3467.905,3467.205,3468.605
,,Cooling plate (Cu),6.05,263.605,12.86,8.96,0.42152,0.69609,16.82923,3473.955,3470.93,3476.98
,,Cu/W,1.4,265.005,7.669,14.979,0.27345,0.96954,17.10267,3475.355,3474.655,3476.055
,,glue,0.065,265.07,42.6,1.3,0.00020,0.96974,17.10287,3475.42,3475.3875,3475.4525
,,kapton,0.265,265.335,40.596,1.11,0.00072,0.97046,17.10360,3475.685,3475.5525,3475.8175
,,glue,0.065,265.4,42.6,1.3,0.00020,0.97066,17.10380,3475.75,3475.7175,3475.7825
9,18,Si,0.3,265.7,21.21,2.33,0.00330,0.97395,17.10709,3476.05,3475.9,3476.2
,,glue,0.075,265.775,42.6,1.3,0.00023,0.00023,17.10732,3476.125,3476.0875,3476.1625
,,PCB (Hexaboard),1.6,267.375,31.84,1.7,0.00854,0.00877,17.11586,3477.725,3476.925,3478.525
,,Air('electronics'),3.73,271.105,37.1,0.0012,0.00001,0.00878,17.11588,3481.455,3479.59,3483.32
,,PCB,1.6,272.705,31.84,1.7,0.00854,0.01733,17.12442,3483.055,3482.255,3483.855
,,Air,0.225,272.93,37.1,0.0012,0.00000,0.01733,17.12442,3483.28,3483.1675,3483.3925
,,Cu,0.1,273.03,12.86,8.96,0.00697,0.02429,17.13139,3483.38,3483.33,3483.43
,,Stainless Steel,0.3,273.33,13.918,8.02,0.01729,0.04158,17.14867,3483.68,3483.53,3483.83
,,glue,0.05,273.38,42.6,1.3,0.00015,0.04173,17.14883,3483.73,3483.705,3483.755
,,Lead,8.22,281.6,6.37,11.35,1.46463,1.50637,18.61346,3491.95,3487.84,3496.06
,,glue,0.05,281.65,42.6,1.3,0.00015,1.50652,18.61361,3492,3491.975,3492.025
,,Stainless Steel,0.3,281.95,13.918,8.02,0.01729,1.52380,18.63090,3492.3,3492.15,3492.45
,,Cu,0.1,282.05,12.86,8.96,0.00697,1.53077,18.63786,3492.4,3492.35,3492.45
,,Air,0.225,282.275,37.1,0.0012,0.00000,1.53077,18.63786,3492.625,3492.5125,3492.7375
,,PCB,1.6,283.875,31.84,1.7,0.00854,1.53932,18.64641,3494.225,3493.425,3495.025
,,Air('electronics'),3.73,287.605,37.1,0.0012,0.00001,1.53933,18.64642,3497.955,3496.09,3499.82
,,PCB (Hexaboard),1.6,289.205,31.84,1.7,0.00854,1.54787,18.65496,3499.555,3498.755,3500.355
,,glue,0.075,289.28,42.6,1.3,0.00023,1.54810,18.65519,3499.63,3499.5925,3499.6675
10,19,Si,0.3,289.58,21.21,2.33,0.00330,1.55139,18.65849,3499.93,3499.78,3500.08
,,glue,0.065,289.645,42.6,1.3,0.00020,0.00020,18.65868,3499.995,3499.9625,3500.0275
,,kapton,0.265,289.91,40.596,1.11,0.00072,0.00092,18.65941,3500.26,3500.1275,3500.3925
,,glue,0.065,289.975,42.6,1.3,0.00020,0.00112,18.65961,3500.325,3500.2925,3500.3575
,,Cu/W,1.4,291.375,7.669,14.979,0.27345,0.27457,18.93305,3501.725,3501.025,3502.425
,,Cooling plate (Cu),6.05,297.425,12.86,8.96,0.42152,0.69609,19.35458,3507.775,3504.75,3510.8
,,Cu/W,1.4,298.825,7.669,14.979,0.27345,0.96954,19.62802,3509.175,3508.475,3509.875
,,glue,0.065,298.89,42.6,1.3,0.00020,0.96974,19.62822,3509.24,3509.2075,3509.2725
,,kapton,0.265,299.155,40.596,1.11,0.00072,0.97046,19.62895,3509.505,3509.3725,3509.6375
,,glue,0.065,299.22,42.6,1.3,0.00020,0.97066,19.62915,3509.57,3509.5375,3509.6025
10,20,Si,0.3,299.52,21.21,2.33,0.00330,0.97395,19.63244,3509.87,3509.72,3510.02
,,glue,0.075,299.595,42.6,1.3,0.00023,0.00023,19.63267,3509.945,3509.9075,3509.9825
,,PCB (Hexaboard),1.6,301.195,31.84,1.7,0.00854,0.00877,19.64121,3511.545,3510.745,3512.345
,,Air('electronics'),3.73,304.925,37.1,0.0012,0.00001,0.00878,19.64122,3515.275,3513.41,3517.14
,,PCB,1.6,306.525,31.84,1.7,0.00854,0.01733,19.64977,3516.875,3516.075,3517.675
,,Air,0.225,306.75,37.1,0.0012,0.00000,0.01733,19.64977,3517.1,3516.9875,3517.2125
,,Cu,0.1,306.85,12.86,8.96,0.00697,0.02429,19.65674,3517.2,3517.15,3517.25
,,Stainless Steel,0.3,307.15,13.918,8.02,0.01729,0.04158,19.67402,3517.5,3517.35,3517.65
,,glue,0.05,307.2,42.6,1.3,0.00015,0.04173,19.67418,3517.55,3517.525,3517.575
,,Lead,8.22,315.42,6.37,11.35,1.46463,1.50637,21.13881,3525.77,3521.66,3529.88
,,glue,0.05,315.47,42.6,1.3,0.00015,1.50652,21.13896,3525.82,3525.795,3525.845
,,Stainless Steel,0.3,315.77,13.918,8.02,0.01729,1.52380,21.15625,3526.12,3525.97,3526.27
,,Cu,0.1,315.87,12.86,8.96,0.00697,1.53077,21.16321,3526.22,3526.17,3526.27
,,Air,0.225,316.095,37.1,0.0012,0.00000,1.53077,21.16321,3526.445,3526.3325,3526.5575
,,PCB,1.6,317.695,31.84,1.7,0.00854,1.53932,21.17176,3528.045,3527.245,3528.845
,,Air('electronics'),3.73,321.425,37.1,0.0012,0.00001,1.53933,21.17177,3531.775,3529.91,3533.64
,,PCB (Hexaboard),1.6,323.025,31.84,1.7,0.00854,1.54787,21.18031,3533.375,3532.575,3534.175
,,glue,0.075,323.1,42.6,1.3,0.00023,1.54810,21.18054,3533.45,3533.4125,3533.4875
11,21,Si,0.3,323.4,21.21,2.33,0.00330,1.55139,21.18384,3533.75,3533.6,3533.9
,,glue,0.065,323.465,42.6,1.3,0.00020,0.00020,21.18403,3533.815,3533.7825,3533.8475
,,kapton,0.265,323.73,40.596,1.11,0.00072,0.00092,21.18476,3534.08,3533.9475,3534.2125
,,glue,0.065,323.795,42.6,1.3,0.00020,0.00112,21.18496,3534.145,3534.1125,3534.1775
,,Cu/W,1.4,325.195,7.669,14.979,0.27345,0.27457,21.45840,3535.545,3534.845,3536.245
,,Cooling plate (Cu),6.05,331.245,12.86,8.96,0.42152,0.69609,21.87993,3541.595,3538.57,3544.62
,,Cu/W,1.4,332.645,7.669,14.979,0.27345,0.96954,22.15337,3542.995,3542.295,3543.695
,,glue,0.065,332.71,42.6,1.3,0.00020,0.96974,22.15357,3543.06,3543.0275,3543.0925
,,kapton,0.265,332.975,40.596,1.11,0.00072,0.97046,22.15430,3543.325,3543.1925,3543.4575
,,glue,0.065,333.04,42.6,1.3,0.00020,0.97066,22.15450,3543.39,3543.3575,3543.4225
11,22,Si,0.3,333.34,21.21,2.33,0.00330,0.97395,22.15779,3543.69,3543.54,3543.84
,,glue,0.075,333.415,42.6,1.3,0.00023,0.00023,22.15802,3543.765,3543.7275,3543.8025
,,PCB (Hexaboard),1.6,335.015,31.84,1.7,0.00854,0.00877,22.16656,3545.365,3544.565,3546.165
,,Air('electronics'),3.73,338.745,37.1,0.0012,0.00001,0.00878,22.16657,3549.095,3547.23,3550.96
,,PCB,1.6,340.345,31.84,1.7,0.00854,0.01733,22.17512,3550.695,3549.895,3551.495
,,Air,0.225,340.57,37.1,0.0012,0.00000,0.01733,22.17512,3550.92,3550.8075,3551.0325
,,Cu,0.1,340.67,12.86,8.96,0.00697,0.02429,22.18209,3551.02,3550.97,3551.07
,,Stainless Steel,0.3,340.97,13.918,8.02,0.01729,0.04158,22.19937,3551.32,3551.17,3551.47
,,glue,0.05,341.02,42.6,1.3,0.00015,0.04173,22.19952,3551.37,3551.345,3551.395
,,Lead,8.22,349.24,6.37,11.35,1.46463,1.50637,23.66416,3559.59,3555.48,3563.7
,,glue,0.05,349.29,42.6,1.3,0.00015,1.50652,23.66431,3559.64,3559.615,3559.665
,,Stainless Steel,0.3,349.59,13.918,8.02,0.01729,1.52380,23.68160,3559.94,3559.79,3560.09
,,Cu,0.1,349.69,12.86,8.96,0.00697,1.53077,23.68856,3560.04,3559.99,3560.09
,,Air,0.225,349.915,37.1,0.0012,0.00000,1.53077,23.68856,3560.265,3560.1525,3560.3775
,,PCB,1.6,351.515,31.84,1.7,0.00854,1.53932,23.69711,3561.865,3561.065,3562.665
,,Air('electronics'),3.73,355.245,37.1,0.0012,0.00001,1.53933,23.69712,3565.595,3563.73,3567.46
,,PCB (Hexaboard),1.6,356.845,31.84,1.7,0.00854,1.54787,23.70566,3567.195,3566.395,3567.995
,,glue,0.075,356.92,42.6,1.3,0.00023,1.54810,23.70589,3567.27,3567.2325,3567.3075
12,23,Si,0.3,357.22,21.21,2.33,0.00330,1.55139,23.70919,3567.57,3567.42,3567.72
,,glue,0.065,357.285,42.6,1.3,0.00020,0.00020,23.70938,3567.635,3567.6025,3567.6675
,,kapton,0.265,357.55,40.596,1.11,0.00072,0.00092,23.71011,3567.9,3567.7675,3568.0325
,,glue,0.065,357.615,42.6,1.3,0.00020,0.00112,23.71031,3567.965,3567.9325,3567.9975
,,Cu/W,1.4,359.015,7.669,14.979,0.27345,0.27457,23.98375,3569.365,3568.665,3570.065
,,Cooling plate (Cu),6.05,365.065,12.86,8.96,0.42152,0.69609,24.40528,3575.415,3572.39,3578.44
,,Cu/W,1.4,366.465,7.669,14.979,0.27345,0.96954,24.67872,3576.815,3576.115,3577.515
,,glue,0.065,366.53,42.6,1.3,0.00020,0.96974,24.67892,3576.88,3576.8475,3576.9125
,,kapton,0.265,366.795,40.596,1.11,0.00072,0.97046,24.67965,3577.145,3577.0125,3577.2775
,,glue,0.065,366.86,42.6,1.3,0.00020,0.97066,24.67984,3577.21,3577.1775,3577.2425
12,24,Si,0.3,367.16,21.21,2.33,0.00330,0.97395,24.68314,3577.51,3577.36,3577.66
,,glue,0.075,367.235,42.6,1.3,0.00023,0.00023,24.68337,3577.585,3577.5475,3577.6225
,,PCB (Hexaboard),1.6,368.835,31.84,1.7,0.00854,0.00877,24.69191,3579.185,3578.385,3579.985
,,Air('electronics'),3.73,372.565,37.1,0.0012,0.00001,0.00878,24.69192,3582.915,3581.05,3584.78
,,PCB,1.6,374.165,31.84,1.7,0.00854,0.01733,24.70047,3584.515,3583.715,3585.315
,,Air,0.225,374.39,37.1,0.0012,0.00000,0.01733,24.70047,3584.74,3584.6275,3584.8525
,,Cu,0.1,374.49,12.86,8.96,0.00697,0.02429,24.70743,3584.84,3584.79,3584.89
,,Stainless Steel,0.3,374.79,13.918,8.02,0.01729,0.04158,24.72472,3585.14,3584.99,3585.29
,,glue,0.05,374.84,42.6,1.3,0.00015,0.04173,24.72487,3585.19,3585.165,3585.215
,,Lead,8.22,383.06,6.37,11.35,1.46463,1.50637,26.18951,3593.41,3589.3,3597.52
,,glue,0.05,383.11,42.6,1.3,0.00015,1.50652,26.18966,3593.46,3593.435,3593.485
,,Stainless Steel,0.3,383.41,13.918,8.02,0.01729,1.52380,26.20694,3593.76,3593.61,3593.91
,,Cu,0.1,383.51,12.86,8.96,0.00697,1.53077,26.21391,3593.86,3593.81,3593.91
,,Air,0.225,383.735,37.1,0.0012,0.00000,1.53077,26.21391,3594.085,3593.9725,3594.1975
,,PCB,1.6,385.335,31.84,1.7,0.00854,1.53932,26.22246,3595.685,3594.885,3596.485
,,Air('electronics'),3.73,389.065,37.1,0.0012,0.00001,1.53933,26.22247,3599.415,3597.55,3601.28
,,PCB (Hexaboard),1.6,390.665,31.84,1.7,0.00854,1.54787,26.23101,3601.015,3600.215,3601.815
,,glue,0.075,390.74,42.6,1.3,0.00023,1.54810,26.23124,3601.09,3601.0525,3601.1275
13,25,Si,0.3,391.04,21.21,2.33,0.00330,1.55139,26.23453,3601.39,3601.24,3601.54
,,glue,0.065,391.105,42.6,1.3,0.00020,0.00020,26.23473,3601.455,3601.4225,3601.4875
,,kapton,0.265,391.37,40.596,1.11,0.00072,0.00092,26.23546,3601.72,3601.5875,3601.8525
,,glue,0.065,391.435,42.6,1.3,0.00020,0.00112,26.23566,3601.785,3601.7525,3601.8175
,,Cu/W,1.4,392.835,7.669,14.979,0.27345,0.27457,26.50910,3603.185,3602.485,3603.885
,,Cooling plate (Cu),6.05,398.885,12.86,8.96,0.42152,0.69609,26.93063,3609.235,3606.21,3612.26
,,Cu/W,1.4,400.285,7.669,14.979,0.27345,0.96954,27.20407,3610.635,3609.935,3611.335
,,glue,0.065,400.35,42.6,1.3,0.00020,0.96974,27.20427,3610.7,3610.6675,3610.7325
,,kapton,0.265,400.615,40.596,1.11,0.00072,0.97046,27.20500,3610.965,3610.8325,3611.0975
,,glue,0.065,400.68,42.6,1.3,0.00020,0.97066,27.20519,3611.03,3610.9975,3611.0625
13,26,Si,0.3,400.98,21.21,2.33,0.00330,0.97395,27.20849,3611.33,3611.18,3611.48
,,glue,0.075,401.055,42.6,1.3,0.00023,0.00023,27.20872,3611.405,3611.3675,3611.4425
,,PCB (Hexaboard),1.6,402.655,31.84,1.7,0.00854,0.00877,27.21726,3613.005,3612.205,3613.805
,,Air('electronics'),3.73,406.385,37.1,0.0012,0.00001,0.00878,27.21727,3616.735,3614.87,3618.6
,,PCB,1.6,407.985,31.84,1.7,0.00854,0.01733,27.22582,3618.335,3617.535,3619.135
,,Air,0.225,408.21,37.1,0.0012,0.00000,0.01733,27.22582,3618.56,3618.4475,3618.6725
,,Stainless Steel cover,1,409.21,13.918,8.02,0.05762,0.07495,27.28344,3619.56,3619.06,3620.06
,HE,Absorber plate (Stainless steel),45,454.21,13.918,8.02,2.59304,2.66800,29.87649,3664.56,3642.06,3687.06
,,Air,4,458.21,37.1,0.0012,0.00001,2.66801,29.87650,3668.56,3666.56,3670.56
,,Stainless Steel,2.5,460.71,13.918,8.02,0.14406,2.81207,30.02056,3671.06,3669.81,3672.31
,,Air,0.4,461.11,37.1,0.0012,0.00000,2.81207,30.02056,3671.46,3671.26,3671.66
,,PCB,1.6,462.71,31.84,1.7,0.00854,2.82061,30.02910,3673.06,3672.26,3673.86
,,Air('electronics'),3.475,466.185,37.1,0.0012,0.00001,2.82062,30.02911,3676.535,3674.7975,3678.2725
,,PCB (Hexaboard),1.6,467.785,31.84,1.7,0.00854,2.82916,30.03765,3678.135,3677.335,3678.935
,,glue,0.075,467.86,42.6,1.3,0.00023,2.82939,30.03788,3678.21,3678.1725,3678.2475
14,27,Si,0.3,468.16,21.21,2.33,0.00330,2.83269,30.04118,3678.51,3678.36,3678.66
,,glue,0.075,468.235,42.6,1.3,0.00023,0.00023,30.04141,3678.585,3678.5475,3678.6225
,,kapton,0.1,468.335,40.596,1.11,0.00027,0.00050,30.04168,3678.685,3678.635,3678.735
,,glue,0.075,468.41,42.6,1.3,0.00023,0.00073,30.04191,3678.76,3678.7225,3678.7975
,,baseplate (PCB),1,469.41,31.84,1.7,0.00534,0.00607,30.04725,3679.76,3679.26,3680.26
,,Cooling plate (Cu),6.35,475.76,12.86,8.96,0.44243,0.44850,30.48968,3686.11,3682.935,3689.285
,,Absorber plate,41.5,517.26,13.918,8.02,2.39136,2.83986,32.88104,3727.61,3706.86,3748.36
,,Air,4,521.26,37.1,0.0012,0.00001,2.83987,32.88105,3731.61,3729.61,3733.61
,,Stainless Steel,2.5,523.76,13.918,8.02,0.14406,2.98393,33.02511,3734.11,3732.86,3735.36
,,Air,0.4,524.16,37.1,0.0012,0.00000,2.98393,33.02511,3734.51,3734.31,3734.71
,,PCB,1.6,525.76,31.84,1.7,0.00854,2.99248,33.03365,3736.11,3735.31,3736.91
,,Air('electronics'),3.475,529.235,37.1,0.0012,0.00001,2.99249,33.03367,3739.585,3737.8475,3741.3225
,,PCB (Hexaboard),1.6,530.835,31.84,1.7,0.00854,3.00103,33.04221,3741.185,3740.385,3741.985
,,glue,0.075,530.91,42.6,1.3,0.00023,3.00126,33.04244,3741.26,3741.2225,3741.2975
15,28,Si,0.3,531.21,21.21,2.33,0.00330,3.00455,33.04573,3741.56,3741.41,3741.71
,,glue,0.075,531.285,42.6,1.3,0.00023,0.00023,33.04596,3741.635,3741.5975,3741.6725
,,kapton,0.1,531.385,40.596,1.11,0.00027,0.00050,33.04623,3741.735,3741.685,3741.785
,,glue,0.075,531.46,42.6,1.3,0.00023,0.00073,33.04646,3741.81,3741.7725,3741.8475
,,baseplate (PCB),1,532.46,31.84,1.7,0.00534,0.00607,33.05180,3742.81,3742.31,3743.31
,,Cooling plate (Cu),6.35,538.81,12.86,8.96,0.44243,0.44850,33.49423,3749.16,3745.985,3752.335
,,Absorber plate,41.5,580.31,13.918,8.02,2.39136,2.83986,35.88559,3790.66,3769.91,3811.41
,,Air,4,584.31,37.1,0.0012,0.00001,2.83987,35.88561,3794.66,3792.66,3796.66
,,Stainless Steel,2.5,586.81,13.918,8.02,0.14406,2.98393,36.02966,3797.16,3795.91,3798.41
,,Air,0.4,587.21,37.1,0.0012,0.00000,2.98393,36.02966,3797.56,3797.36,3797.76
,,PCB,1.6,588.81,31.84,1.7,0.00854,2.99248,36.03821,3799.16,3798.36,3799.96
,,Air('electronics'),3.475,592.285,37.1,0.0012,0.00001,2.99249,36.03822,3802.635,3800.8975,3804.3725
,,PCB (Hexaboard),1.6,593.885,31.84,1.7,0.00854,3.00103,36.04676,3804.235,3803.435,3805.035
,,glue,0.075,593.96,42.6,1.3,0.00023,3.00126,36.04699,3804.31,3804.2725,3804.3475
16,29,Si,0.3,594.26,21.21,2.33,0.00330,3.00455,36.05029,3804.61,3804.46,3804.76
,,glue,0.075,594.335,42.6,1.3,0.00023,0.00023,36.05051,3804.685,3804.6475,3804.7225
,,kapton,0.1,594.435,40.596,1.11,0.00027,0.00050,36.05079,3804.785,3804.735,3804.835
,,glue,0.075,594.51,42.6,1.3,0.00023,0.00073,36.05102,3804.86,3804.8225,3804.8975
,,baseplate (PCB),1,595.51,31.84,1.7,0.00534,0.00607,36.05636,3805.86,3805.36,3806.36
,,Cooling plate (Cu),6.35,601.86,12.86,8.96,0.44243,0.44850,36.49878,3812.21,3809.035,3815.385
,,Absorber plate,41.5,643.36,13.918,8.02,2.39136,2.83986,38.89015,3853.71,3832.96,3874.46
,,Air,4,647.36,37.1,0.0012,0.00001,2.83987,38.89016,3857.71,3855.71,3859.71
,,Stainless Steel,2.5,649.86,13.918,8.02,0.14406,2.98393,39.03422,3860.21,3858.96,3861.46
,,Air,0.4,650.26,37.1,0.0012,0.00000,2.98393,39.03422,3860.61,3860.41,3860.81
,,PCB,1.6,651.86,31.84,1.7,0.00854,2.99248,39.04276,3862.21,3861.41,3863.01
,,Air('electronics'),3.475,655.335,37.1,0.0012,0.00001,2.99249,39.04277,3865.685,3863.9475,3867.4225
,,PCB (Hexaboard),1.6,656.935,31.84,1.7,0.00854,3.00103,39.05132,3867.285,3866.485,3868.085
,,glue,0.075,657.01,42.6,1.3,0.00023,3.00126,39.05154,3867.36,3867.3225,3867.3975
17,30,Si,0.3,657.31,21.21,2.33,0.00330,3.00455,39.05484,3867.66,3867.51,3867.81
,,glue,0.075,657.385,42.6,1.3,0.00023,0.00023,39.05507,3867.735,3867.6975,3867.7725
,,kapton,0.1,657.485,40.596,1.11,0.00027,0.00050,39.05534,3867.835,3867.785,3867.885
,,glue,0.075,657.56,42.6,1.3,0.00023,0.00073,39.05557,3867.91,3867.8725,3867.9475
,,baseplate (PCB),1,658.56,31.84,1.7,0.00534,0.00607,39.06091,3868.91,3868.41,3869.41
,,Cooling plate (Cu),6.35,664.91,12.86,8.96,0.44243,0.44850,39.50334,3875.26,3872.085,3878.435
,,Absorber plate,41.5,706.41,13.918,8.02,2.39136,2.83986,41.89470,3916.76,3896.01,3937.51
,,Air,4,710.41,37.1,0.0012,0.00001,2.83987,41.89471,3920.76,3918.76,3922.76
,,Stainless Steel,2.5,712.91,13.918,8.02,0.14406,2.98393,42.03877,3923.26,3922.01,3924.51
,,Air,0.4,713.31,37.1,0.0012,0.00000,2.98393,42.03877,3923.66,3923.46,3923.86
,,PCB,1.6,714.91,31.84,1.7,0.00854,2.99248,42.04731,3925.26,3924.46,3926.06
,,Air('electronics'),3.475,718.385,37.1,0.0012,0.00001,2.99249,42.04733,3928.735,3926.9975,3930.4725
,,PCB (Hexaboard),1.6,719.985,31.84,1.7,0.00854,3.00103,42.05587,3930.335,3929.535,3931.135
,,glue,0.075,720.06,42.6,1.3,0.00023,3.00126,42.05610,3930.41,3930.3725,3930.4475
18,31,Si,0.3,720.36,21.21,2.33,0.00330,3.00455,42.05939,3930.71,3930.56,3930.86
,,glue,0.075,720.435,42.6,1.3,0.00023,0.00023,42.05962,3930.785,3930.7475,3930.8225
,,kapton,0.1,720.535,40.596,1.11,0.00027,0.00050,42.05990,3930.885,3930.835,3930.935
,,glue,0.075,720.61,42.6,1.3,0.00023,0.00073,42.06012,3930.96,3930.9225,3930.9975
,,baseplate (PCB),1,721.61,31.84,1.7,0.00534,0.00607,42.06546,3931.96,3931.46,3932.46
,,Cooling plate (Cu),6.35,727.96,12.86,8.96,0.44243,0.44850,42.50789,3938.31,3935.135,3941.485
,,Absorber plate,41.5,769.46,13.918,8.02,2.39136,2.83986,44.89925,3979.81,3959.06,4000.56
,,Air,4,773.46,37.1,0.0012,0.00001,2.83987,44.89927,3983.81,3981.81,3985.81
,,Stainless Steel,2.5,775.96,13.918,8.02,0.14406,2.98393,45.04332,3986.31,3985.06,3987.56
,,Air,0.4,776.36,37.1,0.0012,0.00000,2.98393,45.04333,3986.71,3986.51,3986.91
,,PCB,1.6,777.96,31.84,1.7,0.00854,2.99248,45.05187,3988.31,3987.51,3989.11
,,Air('electronics'),3.475,781.435,37.1,0.0012,0.00001,2.99249,45.05188,3991.785,3990.0475,3993.5225
,,PCB (Hexaboard),1.6,783.035,31.84,1.7,0.00854,3.00103,45.06042,3993.385,3992.585,3994.185
,,glue,0.075,783.11,42.6,1.3,0.00023,3.00126,45.06065,3993.46,3993.4225,3993.4975
19,32,Si,0.3,783.41,21.21,2.33,0.00330,3.00455,45.06395,3993.76,3993.61,3993.91
,,glue,0.075,783.485,42.6,1.3,0.00023,0.00023,45.06418,3993.835,3993.7975,3993.8725
,,kapton,0.1,783.585,40.596,1.11,0.00027,0.00050,45.06445,3993.935,3993.885,3993.985
,,glue,0.075,783.66,42.6,1.3,0.00023,0.00073,45.06468,3994.01,3993.9725,3994.0475
,,baseplate (PCB),1,784.66,31.84,1.7,0.00534,0.00607,45.07002,3995.01,3994.51,3995.51
,,Cooling plate (Cu),6.35,791.01,12.86,8.96,0.44243,0.44850,45.51244,4001.36,3998.185,4004.535
,,Absorber plate,41.5,832.51,13.918,8.02,2.39136,2.83986,47.90381,4042.86,4022.11,4063.61
,,Air,4,836.51,37.1,0.0012,0.00001,2.83987,47.90382,4046.86,4044.86,4048.86
,,Stainless Steel,2.5,839.01,13.918,8.02,0.14406,2.98393,48.04788,4049.36,4048.11,4050.61
,,Air,0.4,839.41,37.1,0.0012,0.00000,2.98393,48.04788,4049.76,4049.56,4049.96
,,PCB,1.6,841.01,31.84,1.7,0.00854,2.99248,48.05642,4051.36,4050.56,4052.16
,,Air('electronics'),3.475,844.485,37.1,0.0012,0.00001,2.99249,48.05643,4054.835,4053.0975,4056.5725
,,PCB (Hexaboard),1.6,846.085,31.84,1.7,0.00854,3.00103,48.06498,4056.435,4055.635,4057.235
,,glue,0.075,846.16,42.6,1.3,0.00023,3.00126,48.06520,4056.51,4056.4725,4056.5475
20,33,Si,0.3,846.46,21.21,2.33,0.00330,3.00455,48.06850,4056.81,4056.66,4056.96
,,glue,0.075,846.535,42.6,1.3,0.00023,0.00023,48.06873,4056.885,4056.8475,4056.9225
,,kapton,0.1,846.635,40.596,1.11,0.00027,0.00050,48.06900,4056.985,4056.935,4057.035
,,glue,0.075,846.71,42.6,1.3,0.00023,0.00073,48.06923,4057.06,4057.0225,4057.0975
,,baseplate (PCB),1,847.71,31.84,1.7,0.00534,0.00607,48.07457,4058.06,4057.56,4058.56
,,Cooling plate (Cu),6.35,854.06,12.86,8.96,0.44243,0.44850,48.51700,4064.41,4061.235,4067.585
,,Absorber plate,41.5,895.56,13.918,8.02,2.39136,2.83986,50.90836,4105.91,4085.16,4126.66
,,Air,4,899.56,37.1,0.0012,0.00001,2.83987,50.90837,4109.91,4107.91,4111.91
,,Stainless Steel,2.5,902.06,13.918,8.02,0.14406,2.98393,51.05243,4112.41,4111.16,4113.66
,,Air,0.4,902.46,37.1,0.0012,0.00000,2.98393,51.05243,4112.81,4112.61,4113.01
,,PCB,1.6,904.06,31.84,1.7,0.00854,2.99248,51.06098,4114.41,4113.61,4115.21
,,Air('electronics'),3.475,907.535,37.1,0.0012,0.00001,2.99249,51.06099,4117.885,4116.1475,4119.6225
,,PCB (Hexaboard),1.6,909.135,31.84,1.7,0.00854,3.00103,51.06953,4119.485,4118.685,4120.285
,,glue,0.075,909.21,42.6,1.3,0.00023,3.00126,51.06976,4119.56,4119.5225,4119.5975
21,34,Si,0.3,909.51,21.21,2.33,0.00330,3.00455,51.07305,4119.86,4119.71,4120.01
,,glue,0.075,909.585,42.6,1.3,0.00023,0.00023,51.07328,4119.935,4119.8975,4119.9725
,,kapton,0.1,909.685,40.596,1.11,0.00027,0.00050,51.07356,4120.035,4119.985,4120.085
,,glue,0.075,909.76,42.6,1.3,0.00023,0.00073,51.07379,4120.11,4120.0725,4120.1475
,,baseplate (PCB),1,910.76,31.84,1.7,0.00534,0.00607,51.07912,4121.11,4120.61,4121.61
,,Cooling plate (Cu),6.35,917.11,12.86,8.96,0.44243,0.44850,51.52155,4127.46,4124.285,4130.635
,,Absorber plate,41.5,958.61,13.918,8.02,2.39136,2.83986,53.91291,4168.96,4148.21,4189.71
,,Air,4,962.61,37.1,0.0012,0.00001,2.83987,53.91293,4172.96,4170.96,4174.96
,,Stainless Steel,2.5,965.11,13.918,8.02,0.14406,2.98393,54.05699,4175.46,4174.21,4176.71
,,Air,0.4,965.51,37.1,0.0012,0.00000,2.98393,54.05699,4175.86,4175.66,4176.06
,,PCB,1.6,967.11,31.84,1.7,0.00854,2.99248,54.06553,4177.46,4176.66,4178.26
,,Air('electronics'),3.475,970.585,37.1,0.0012,0.00001,2.99249,54.06554,4180.935,4179.1975,4182.6725
,,PCB (Hexaboard),1.6,972.185,31.84,1.7,0.00854,3.00103,54.07408,4182.535,4181.735,4183.335
,,glue,0.075,972.26,42.6,1.3,0.00023,3.00126,54.07431,4182.61,4182.5725,4182.6475
22,35,Si,0.3,972.56,21.21,2.33,0.00330,3.00455,54.07761,4182.91,4182.76,4183.06
,,glue,0.075,972.635,42.6,1.3,0.00023,0.00023,54.07784,4182.985,4182.9475,4183.0225
,,kapton,0.1,972.735,40.596,1.11,0.00027,0.00050,54.07811,4183.085,4183.035,4183.135
,,glue,0.075,972.81,42.6,1.3,0.00023,0.00073,54.07834,4183.16,4183.1225,4183.1975
,,baseplate (PCB),1,973.81,31.84,1.7,0.00534,0.00607,54.08368,4184.16,4183.66,4184.66
,,Cooling plate (Cu),6.35,980.16,12.86,8.96,0.44243,0.44850,54.52610,4190.51,4187.335,4193.685
,,Absorber plate,41.5,1021.66,13.918,8.02,2.39136,2.83986,56.91747,4232.01,4211.26,4252.76
,,Air,4,1025.66,37.1,0.0012,0.00001,2.83987,56.91748,4236.01,4234.01,4238.01
,,Stainless Steel,2.5,1028.16,13.918,8.02,0.14406,2.98393,57.06154,4238.51,4237.26,4239.76
,,Air,0.4,1028.56,37.1,0.0012,0.00000,2.98393,57.06154,4238.91,4238.71,4239.11
,,PCB,1.6,1030.16,31.84,1.7,0.00854,2.99248,57.07008,4240.51,4239.71,4241.31
,,Air('electronics'),3.475,1033.635,37.1,0.0012,0.00001,2.99249,57.07009,4243.985,4242.2475,4245.7225
,,PCB (Hexaboard),1.6,1035.235,31.84,1.7,0.00854,3.00103,57.07864,4245.585,4244.785,4246.385
,,glue,0.075,1035.31,42.6,1.3,0.00023,3.00126,57.07887,4245.66,4245.6225,4245.6975
23,36,Si,0.3,1035.61,21.21,2.33,0.00330,3.00455,57.08216,4245.96,4245.81,4246.11
,,glue,0.075,1035.685,42.6,1.3,0.00023,0.00023,57.08239,4246.035,4245.9975,4246.0725
,,kapton,0.1,1035.785,40.596,1.11,0.00027,0.00050,57.08266,4246.135,4246.085,4246.185
,,glue,0.075,1035.86,42.6,1.3,0.00023,0.00073,57.08289,4246.21,4246.1725,4246.2475
,,baseplate (PCB),1,1036.86,31.84,1.7,0.00534,0.00607,57.08823,4247.21,4246.71,4247.71
,,Cooling plate (Cu),6.35,1043.21,12.86,8.96,0.44243,0.44850,57.53066,4253.56,4250.385,4256.735
,,Absorber plate,41.5,1084.71,13.918,8.02,2.39136,2.83986,59.92202,4295.06,4274.31,4315.81
,,Air,4,1088.71,37.1,0.0012,0.00001,2.83987,59.92203,4299.06,4297.06,4301.06
,,Stainless Steel,2.5,1091.21,13.918,8.02,0.14406,2.98393,60.06609,4301.56,4300.31,4302.81
,,Air,0.4,1091.61,37.1,0.0012,0.00000,2.98393,60.06609,4301.96,4301.76,4302.16
,,PCB,1.6,1093.21,31.84,1.7,0.00854,2.99248,60.07464,4303.56,4302.76,4304.36
,,Air('electronics'),3.475,1096.685,37.1,0.0012,0.00001,2.99249,60.07465,4307.035,4305.2975,4308.7725
,,PCB (Hexaboard),1.6,1098.285,31.84,1.7,0.00854,3.00103,60.08319,4308.635,4307.835,4309.435
,,glue,0.075,1098.36,42.6,1.3,0.00023,3.00126,60.08342,4308.71,4308.6725,4308.7475
24,37,Si,0.3,1098.66,21.21,2.33,0.00330,3.00455,60.08672,4309.01,4308.86,4309.16
,,glue,0.075,1098.735,42.6,1.3,0.00023,0.00023,60.08694,4309.085,4309.0475,4309.1225
,,kapton,0.1,1098.835,40.596,1.11,0.00027,0.00050,60.08722,4309.185,4309.135,4309.235
,,glue,0.075,1098.91,42.6,1.3,0.00023,0.00073,60.08745,4309.26,4309.2225,4309.2975
,,baseplate (PCB),1,1099.91,31.84,1.7,0.00534,0.00607,60.09279,4310.26,4309.76,4310.76
,,Cooling plate (Cu),6.35,1106.26,12.86,8.96,0.44243,0.44850,60.53521,4316.61,4313.435,4319.785
,,Absorber plate,60.7,1166.96,13.918,8.02,3.49773,3.94623,64.03294,4377.31,4346.96,4407.66
,,Air,4,1170.96,37.1,0.0012,0.00001,3.94624,64.03295,4381.31,4379.31,4383.31
,,Stainless Steel,2.5,1173.46,13.918,8.02,0.14406,4.09030,64.17701,4383.81,4382.56,4385.06
,,Air,0.4,1173.86,37.1,0.0012,0.00000,4.09030,64.17701,4384.21,4384.01,4384.41
,,PCB,1.6,1175.46,31.84,1.7,0.00854,4.09884,64.18556,4385.81,4385.01,4386.61
,,Air('electronics'),3.475,1178.935,37.1,0.0012,0.00001,4.09885,64.18557,4389.285,4387.5475,4391.0225
,,PCB (Hexaboard),1.6,1180.535,31.84,1.7,0.00854,4.10740,64.19411,4390.885,4390.085,4391.685
,,glue,0.075,1180.61,42.6,1.3,0.00023,4.10762,64.19434,4390.96,4390.9225,4390.9975
25,38,Si,0.3,1180.91,21.21,2.33,0.00330,4.11092,64.19763,4391.26,4391.11,4391.41
,,glue,0.075,1180.985,42.6,1.3,0.00023,0.00023,64.19786,4391.335,4391.2975,4391.3725
,,kapton,0.1,1181.085,40.596,1.11,0.00027,0.00050,64.19814,4391.435,4391.385,4391.485
,,glue,0.075,1181.16,42.6,1.3,0.00023,0.00073,64.19837,4391.51,4391.4725,4391.5475
,,baseplate (PCB),1,1182.16,31.84,1.7,0.00534,0.00607,64.20370,4392.51,4392.01,4393.01
,,Cooling plate (Cu),6.35,1188.51,12.86,8.96,0.44243,0.44850,64.64613,4398.86,4395.685,4402.035
,,Absorber plate,60.7,1249.21,13.918,8.02,3.49773,3.94623,68.14386,4459.56,4429.21,4489.91
,,Air,4,1253.21,37.1,0.0012,0.00001,3.94624,68.14387,4463.56,4461.56,4465.56
,,Stainless Steel,2.5,1255.71,13.918,8.02,0.14406,4.09030,68.28793,4466.06,4464.81,4467.31
,,Air,0.4,1256.11,37.1,0.0012,0.00000,4.09030,68.28793,4466.46,4466.26,4466.66
,,PCB,1.6,1257.71,31.84,1.7,0.00854,4.09884,68.29648,4468.06,4467.26,4468.86
,,Air('electronics'),3.475,1261.185,37.1,0.0012,0.00001,4.09885,68.29649,4471.535,4469.7975,4473.2725
,,PCB (Hexaboard),1.6,1262.785,31.84,1.7,0.00854,4.10740,68.30503,4473.135,4472.335,4473.935
,,glue,0.075,1262.86,42.6,1.3,0.00023,4.10762,68.30526,4473.21,4473.1725,4473.2475
26,39,Si,0.3,1263.16,21.21,2.33,0.00330,4.11092,68.30855,4473.51,4473.36,4473.66
,,glue,0.075,1263.235,42.6,1.3,0.00023,0.00023,68.30878,4473.585,4473.5475,4473.6225
,,kapton,0.1,1263.335,40.596,1.11,0.00027,0.00050,68.30906,4473.685,4473.635,4473.735
,,glue,0.075,1263.41,42.6,1.3,0.00023,0.00073,68.30929,4473.76,4473.7225,4473.7975
,,baseplate (PCB),1,1264.41,31.84,1.7,0.00534,0.00607,68.31462,4474.76,4474.26,4475.26
,,Cooling plate (Cu),6.35,1270.76,12.86,8.96,0.44243,0.44850,68.75705,4481.11,4477.935,4484.285
,,Absorber plate,60.7,1331.46,13.918,8.02,3.49773,3.94623,72.25478,4541.81,4511.46,4572.16
,,Air,4,1335.46,37.1,0.0012,0.00001,3.94624,72.25479,4545.81,4543.81,4547.81
,,Stainless Steel,2.5,1337.96,13.918,8.02,0.14406,4.09030,72.39885,4548.31,4547.06,4549.56
,,Air,0.4,1338.36,37.1,0.0012,0.00000,4.09030,72.39885,4548.71,4548.51,4548.91
,,PCB,1.6,1339.96,31.84,1.7,0.00854,4.09884,72.40740,4550.31,4549.51,4551.11
,,Air('electronics'),3.475,1343.435,37.1,0.0012,0.00001,4.09885,72.40741,4553.785,4552.0475,4555.5225
,,PCB (Hexaboard),1.6,1345.035,31.84,1.7,0.00854,4.10740,72.41595,4555.385,4554.585,4556.185
,,glue,0.075,1345.11,42.6,1.3,0.00023,4.10762,72.41618,4555.46,4555.4225,4555.4975
27,40,Si,0.3,1345.41,21.21,2.33,0.00330,4.11092,72.41947,4555.76,4555.61,4555.91
,,glue,0.075,1345.485,42.6,1.3,0.00023,0.00023,72.41970,4555.835,4555.7975,4555.8725
,,kapton,0.1,1345.585,40.596,1.11,0.00027,0.00050,72.41998,4555.935,4555.885,4555.985
,,glue,0.075,1345.66,42.6,1.3,0.00023,0.00073,72.42020,4556.01,4555.9725,4556.0475
,,baseplate (PCB),1,1346.66,31.84,1.7,0.00534,0.00607,72.42554,4557.01,4556.51,4557.51
,,Cooling plate (Cu),6.35,1353.01,12.86,8.96,0.44243,0.44850,72.86797,4563.36,4560.185,4566.535
,,Absorber plate,60.7,1413.71,13.918,8.02,3.49773,3.94623,76.36570,4624.06,4593.71,4654.41
,,Air,4,1417.71,37.1,0.0012,0.00001,3.94624,76.36571,4628.06,4626.06,4630.06
,,Stainless Steel,2.5,1420.21,13.918,8.02,0.14406,4.09030,76.50977,4630.56,4629.31,4631.81
,,Air,0.4,1420.61,37.1,0.0012,0.00000,4.09030,76.50977,4630.96,4630.76,4631.16
,,PCB,1.6,1422.21,31.84,1.7,0.00854,4.09884,76.51831,4632.56,4631.76,4633.36
,,Air('electronics'),3.475,1425.685,37.1,0.0012,0.00001,4.09885,76.51833,4636.035,4634.2975,4637.7725
,,PCB (Hexaboard),1.6,1427.285,31.84,1.7,0.00854,4.10740,76.52687,4637.635,4636.835,4638.435
,,glue,0.075,1427.36,42.6,1.3,0.00023,4.10762,76.52710,4637.71,4637.6725,4637.7475
28,41,Si,0.3,1427.66,21.21,2.33,0.00330,4.11092,76.53039,4638.01,4637.86,4638.16
,,glue,0.075,1427.735,42.6,1.3,0.00023,0.00023,76.53062,4638.085,4638.0475,4638.1225
,,kapton,0.1,1427.835,40.596,1.11,0.00027,0.00050,76.53090,4638.185,4638.135,4638.235
,,glue,0.075,1427.91,42.6,1.3,0.00023,0.00073,76.53112,4638.26,4638.2225,4638.2975
,,baseplate (PCB),1,1428.91,31.84,1.7,0.00534,0.00607,76.53646,4639.26,4638.76,4639.76
,,Cooling plate (Cu),6.35,1435.26,12.86,8.96,0.44243,0.44850,76.97889,4645.61,4642.435,4648.785
,,Absorber plate,60.7,1495.96,13.918,8.02,3.49773,3.94623,80.47662,4706.31,4675.96,4736.66
,,Air,4,1499.96,37.1,0.0012,0.00001,3.94624,80.47663,4710.31,4708.31,4712.31
,,Stainless Steel,2.5,1502.46,13.918,8.02,0.14406,4.09030,80.62069,4712.81,4711.56,4714.06
,,Air,0.4,1502.86,37.1,0.0012,0.00000,4.09030,80.62069,4713.21,4713.01,4713.41
,,PCB,1.6,1504.46,31.84,1.7,0.00854,4.09884,80.62923,4714.81,4714.01,4715.61
,,Air('electronics'),3.475,1507.935,37.1,0.0012,0.00001,4.09885,80.62925,4718.285,4716.5475,4720.0225
,,PCB (Hexaboard),1.6,1509.535,31.84,1.7,0.00854,4.10740,80.63779,4719.885,4719.085,4720.685
,,glue,0.075,1509.61,42.6,1.3,0.00023,4.10762,80.63802,4719.96,4719.9225,4719.9975
29,42,Si,0.3,1509.91,21.21,2.33,0.00330,4.11092,80.64131,4720.26,4720.11,4720.41
,,glue,0.075,1509.985,42.6,1.3,0.00023,0.00023,80.64154,4720.335,4720.2975,4720.3725
,,kapton,0.1,1510.085,40.596,1.11,0.00027,0.00050,80.64181,4720.435,4720.385,4720.485
,,glue,0.075,1510.16,42.6,1.3,0.00023,0.00073,80.64204,4720.51,4720.4725,4720.5475
,,baseplate (PCB),1,1511.16,31.84,1.7,0.00534,0.00607,80.64738,4721.51,4721.01,4722.01
,,Cooling plate (Cu),6.35,1517.51,12.86,8.96,0.44243,0.44850,81.08981,4727.86,4724.685,4731.035
,,Absorber plate,60.7,1578.21,13.918,8.02,3.49773,3.94623,84.58754,4788.56,4758.21,4818.91
,,Air,4,1582.21,37.1,0.0012,0.00001,3.94624,84.58755,4792.56,4790.56,4794.56
,,Stainless Steel,2.5,1584.71,13.918,8.02,0.14406,4.09030,84.73161,4795.06,4793.81,4796.31
,,Air,0.4,1585.11,37.1,0.0012,0.00000,4.09030,84.73161,4795.46,4795.26,4795.66
,,PCB,1.6,1586.71,31.84,1.7,0.00854,4.09884,84.74015,4797.06,4796.26,4797.86
,,Air('electronics'),3.475,1590.185,37.1,0.0012,0.00001,4.09885,84.74016,4800.535,4798.7975,4802.2725
,,PCB (Hexaboard),1.6,1591.785,31.84,1.7,0.00854,4.10740,84.74871,4802.135,4801.335,4802.935
,,glue,0.075,1591.86,42.6,1.3,0.00023,4.10762,84.74894,4802.21,4802.1725,4802.2475
30,43,Si,0.3,1592.16,21.21,2.33,0.00330,4.11092,84.75223,4802.51,4802.36,4802.66
,,glue,0.075,1592.235,42.6,1.3,0.00023,0.00023,84.75246,4802.585,4802.5475,4802.6225
,,kapton,0.1,1592.335,40.596,1.11,0.00027,0.00050,84.75273,4802.685,4802.635,4802.735
,,glue,0.075,1592.41,42.6,1.3,0.00023,0.00073,84.75296,4802.76,4802.7225,4802.7975
,,baseplate (PCB),1,1593.41,31.84,1.7,0.00534,0.00607,84.75830,4803.76,4803.26,4804.26
,,Cooling plate (Cu),6.35,1599.76,12.86,8.96,0.44243,0.44850,85.20073,4810.11,4806.935,4813.285
,,Absorber plate,60.7,1660.46,13.918,8.02,3.49773,3.94623,88.69846,4870.81,4840.46,4901.16
,,Air,4,1664.46,37.1,0.0012,0.00001,3.94624,88.69847,4874.81,4872.81,4876.81
,,Stainless Steel,2.5,1666.96,13.918,8.02,0.14406,4.09030,88.84253,4877.31,4876.06,4878.56
,,Air,0.4,1667.36,37.1,0.0012,0.00000,4.09030,88.84253,4877.71,4877.51,4877.91
,,PCB,1.6,1668.96,31.84,1.7,0.00854,4.09884,88.85107,4879.31,4878.51,4880.11
,,Air('electronics'),3.475,1672.435,37.1,0.0012,0.00001,4.09885,88.85108,4882.785,4881.0475,4884.5225
,,PCB (Hexaboard),1.6,1674.035,31.84,1.7,0.00854,4.10740,88.85963,4884.385,4883.585,4885.185
,,glue,0.075,1674.11,42.6,1.3,0.00023,4.10762,88.85986,4884.46,4884.4225,4884.4975
31,44,Si,0.3,1674.41,21.21,2.33,0.00330,4.11092,88.86315,4884.76,4884.61,4884.91
,,glue,0.075,1674.485,42.6,1.3,0.00023,0.00023,88.86338,4884.835,4884.7975,4884.8725
,,kapton,0.1,1674.585,40.596,1.11,0.00027,0.00050,88.86365,4884.935,4884.885,4884.985
,,glue,0.075,1674.66,42.6,1.3,0.00023,0.00073,88.86388,4885.01,4884.9725,4885.0475
,,baseplate (PCB),1,1675.66,31.84,1.7,0.00534,0.00607,88.86922,4886.01,4885.51,4886.51
,,Cooling plate (Cu),6.35,1682.01,12.86,8.96,0.44243,0.44850,89.31165,4892.36,4889.185,4895.535
,,Absorber plate,60.7,1742.71,13.918,8.02,3.49773,3.94623,92.80938,4953.06,4922.71,4983.41
,,Air,4,1746.71,37.1,0.0012,0.00001,3.94624,92.80939,4957.06,4955.06,4959.06
,,Stainless Steel,2.5,1749.21,13.918,8.02,0.14406,4.09030,92.95345,4959.56,4958.31,4960.81
,,Air,0.4,1749.61,37.1,0.0012,0.00000,4.09030,92.95345,4959.96,4959.76,4960.16
,,PCB,1.6,1751.21,31.84,1.7,0.00854,4.09884,92.96199,4961.56,4960.76,4962.36
,,Air('electronics'),3.475,1754.685,37.1,0.0012,0.00001,4.09885,92.96200,4965.035,4963.2975,4966.7725
,,PCB (Hexaboard),1.6,1756.285,31.84,1.7,0.00854,4.10740,92.97055,4966.635,4965.835,4967.435
,,glue,0.075,1756.36,42.6,1.3,0.00023,4.10762,92.97078,4966.71,4966.6725,4966.7475
32,45,Si,0.3,1756.66,21.21,2.33,0.00330,4.11092,92.97407,4967.01,4966.86,4967.16
,,glue,0.075,1756.735,42.6,1.3,0.00023,0.00023,92.97430,4967.085,4967.0475,4967.1225
,,kapton,0.1,1756.835,40.596,1.11,0.00027,0.00050,92.97457,4967.185,4967.135,4967.235
,,glue,0.075,1756.91,42.6,1.3,0.00023,0.00073,92.97480,4967.26,4967.2225,4967.2975
,,baseplate (PCB),1,1757.91,31.84,1.7,0.00534,0.00607,92.98014,4968.26,4967.76,4968.76
,,Cooling plate (Cu),6.35,1764.26,12.86,8.96,0.44243,0.44850,93.42257,4974.61,4971.435,4977.785
,,Absorber plate,60.7,1824.96,13.918,8.02,3.49773,3.94623,96.92030,5035.31,5004.96,5065.66
,,Air,4,1828.96,37.1,0.0012,0.00001,3.94624,96.92031,5039.31,5037.31,5041.31
,,Stainless Steel,2.5,1831.46,13.918,8.02,0.14406,4.09030,97.06437,5041.81,5040.56,5043.06
,,Air,0.4,1831.86,37.1,0.0012,0.00000,4.09030,97.06437,5042.21,5042.01,5042.41
,,PCB,1.6,1833.46,31.84,1.7,0.00854,4.09884,97.07291,5043.81,5043.01,5044.61
,,Air('electronics'),3.475,1836.935,37.1,0.0012,0.00001,4.09885,97.07292,5047.285,5045.5475,5049.0225
,,PCB (Hexaboard),1.6,1838.535,31.84,1.7,0.00854,4.10740,97.08147,5048.885,5048.085,5049.685
,,glue,0.075,1838.61,42.6,1.3,0.00023,4.10762,97.08169,5048.96,5048.9225,5048.9975
33,46,Si,0.3,1838.91,21.21,2.33,0.00330,4.11092,97.08499,5049.26,5049.11,5049.41
,,glue,0.075,1838.985,42.6,1.3,0.00023,0.00023,97.08522,5049.335,5049.2975,5049.3725
,,kapton,0.1,1839.085,40.596,1.11,0.00027,0.00050,97.08549,5049.435,5049.385,5049.485
,,glue,0.075,1839.16,42.6,1.3,0.00023,0.00073,97.08572,5049.51,5049.4725,5049.5475
,,baseplate (PCB),1,1840.16,31.84,1.7,0.00534,0.00607,97.09106,5050.51,5050.01,5051.01
,,Cooling plate (Cu),6.35,1846.51,12.86,8.96,0.44243,0.44850,97.53349,5056.86,5053.685,5060.035
,,Absorber plate,60.7,1907.21,13.918,8.02,3.49773,3.94623,101.03122,5117.56,5087.21,5147.91
,,Air,4,1911.21,37.1,0.0012,0.00001,3.94624,101.03123,5121.56,5119.56,5123.56
,,Stainless Steel,2.5,1913.71,13.918,8.02,0.14406,4.09030,101.17529,5124.06,5122.81,5125.31
,,Air,0.4,1914.11,37.1,0.0012,0.00000,4.09030,101.17529,5124.46,5124.26,5124.66
,,PCB,1.6,1915.71,31.84,1.7,0.00854,4.09884,101.18383,5126.06,5125.26,5126.86
,,Air('electronics'),3.475,1919.185,37.1,0.0012,0.00001,4.09885,101.18384,5129.535,5127.7975,5131.2725
,,PCB (Hexaboard),1.6,1920.785,31.84,1.7,0.00854,4.10740,101.19239,5131.135,5130.335,5131.935
,,glue,0.075,1920.86,42.6,1.3,0.00023,4.10762,101.19261,5131.21,5131.1725,5131.2475
34,47,Si,0.3,1921.16,21.21,2.33,0.00330,4.11092,101.19591,5131.51,5131.36,5131.66
,,glue,0.075,1921.235,42.6,1.3,0.00023,0.00023,101.19614,5131.585,5131.5475,5131.6225
,,kapton,0.1,1921.335,40.596,1.11,0.00027,0.00050,101.19641,5131.685,5131.635,5131.735
,,glue,0.075,1921.41,42.6,1.3,0.00023,0.00073,101.19664,5131.76,5131.7225,5131.7975
,,baseplate (PCB),1,1922.41,31.84,1.7,0.00534,0.00607,101.20198,5132.76,5132.26,5133.26
,,Cooling plate (Cu),6.35,1928.76,12.86,8.96,0.44243,0.44850,101.64441,5139.11,5135.935,5142.285
